<?xml version="1.0" encoding="UTF-8" standalone="no"?>
<emitter spriteName="particle" name="Default" renderType="inherit"
	useAdditive="false" useOriented="false">
	<spawnInterval enabled="true" max="32" min="16" ></spawnInterval>
	<spawnCount enabled="true" max="4" min="1" />
	<initialLife enabled="false" max="500" min="200" />
	<initialSize enabled="true" max="60" min="20" />
	<xOffset enabled="false" max="0.0" min="0.0" />
	<yOffset enabled="false" max="0.0" min="0.0" />
	<initialDistance enabled="false" max="18" min="16" />
	<speed enabled="true" max="250" min="50" />
	<length enabled="false" max="1000.0" min="1000.0" />
	<emitCount enabled="false" max="1000.0" min="1000.0" />
	<spread type="random" value="10" />
	<angularOffset type="simple" value="90.0" />
	<growthFactor type="simple" value="100.0" />
	<gravityFactor type="simple" value="0" />
	<windFactor type="simple" value="0" />
	<startAlpha type="simple" value="0.0" />
	<endAlpha type="simple" value="0.0" />
	<alpha active="true" max="0" min="0" type="linear">
		<point x="0.0" y="0.0" />
		<point x="0.4" y="0.0" />
		<point x="0.6" y="128.0" />
		<point x="1.0" y="0.0" />
	</alpha>
	<size active="false" max="255" min="0" type="linear">
		<point x="0.0" y="0.0" />
		<point x="1.0" y="255.0" />
	</size>
	<velocity active="false" max="1" min="0" type="linear">
		<point x="0.0" y="0.0" />
		<point x="1.0" y="1.0" />
	</velocity>
	<scaleY active="false" max="1" min="0" type="linear">
		<point x="0.0" y="0.0" />
		<point x="1.0" y="1.0" />
	</scaleY>
	<color>
		<step r="0.9" g="0.7" b="0.4" offset="0.0"/>
		<step r="0.8" g="0.3" b="0.2" offset="0.3"/>
		<step r="0.3" g="0.1" b="0.0" offset="0.6"/>
		<step r="0.0" g="0.0" b="0.0" offset="1.0"/>
	</color>
</emitter>
