<?xml version="1.0" encoding="UTF-8" standalone="no"?>
<emitter spriteName="cloud" name="Default" renderType="inherit"
	useAdditive="true" useOriented="false">
	<spawnInterval enabled="true" max="1" min="1" ></spawnInterval>
	<spawnCount enabled="true" max="50" min="5" />
	<initialLife enabled="true" max="3000" min="200" />
	<initialSize enabled="true" max="100" min="20" />
	<xOffset enabled="false" max="10.0" min="0.0" />
	<yOffset enabled="false" max="10.0" min="0.0" />
	<initialDistance enabled="true" max="70" min="25" />
	<speed enabled="true" max="500" min="10" />
	<length enabled="false" max="1000.0" min="1000.0" />
	<emitCount enabled="false" max="1000.0" min="1000.0" />
	<spread type="random" value="45" />
	<angularOffset type="simple" value="90.0" />
	<growthFactor type="simple" value="100.0" />
	<gravityFactor type="simple" value="-2" />
	<windFactor type="simple" value="5" />
	<startAlpha type="simple" value="128.0" />
	<endAlpha type="simple" value="0.0" />
	<alpha active="true" max="255" min="0" type="linear">
		<point x="0.0" y="0.0" />
		<point x="1.0" y="255.0" />
	</alpha>
	<size active="false" max="255" min="0" type="linear">
		<point x="0.0" y="0.0" />
		<point x="1.0" y="255.0" />
	</size>
	<velocity active="false" max="1" min="0" type="linear">
		<point x="0.0" y="0.0" />
		<point x="1.0" y="1.0" />
	</velocity>
	<scaleY active="false" max="1" min="0" type="linear">
		<point x="0.0" y="0.0" />
		<point x="1.0" y="1.0" />
	</scaleY>
	<color>
		<step b="0.9" g="0.7" r="0.4" offset="0.0"/>
		<step b="0.8" g="0.3" r="0.2" offset="0.3"/>
		<step b="0.3" g="0.0" r="0.0" offset="0.6"/>
		<step b="0.9" g="0.9" r="0.9" offset="1.0"/>
	</color>
</emitter>
