<?xml version="1.0" encoding="UTF-8" standalone="no"?>
<system additive="true" points="false">
<emitter spriteName="particle" name="Default" renderType="inherit" useAdditive="true" useOriented="false">
<spawnInterval enabled="true" max="10.0" min="1.0"/>
<spawnCount enabled="true" max="20.0" min="10.0"/>
<initialLife enabled="false" max="1000.0" min="100.0"/>
<initialSize enabled="true" max="100.0" min="20.0"/>
<xOffset enabled="false" max="0.0" min="0.0"/>
<yOffset enabled="false" max="0.0" min="0.0"/>
<initialDistance enabled="false" max="0.0" min="0.0"/>
<speed enabled="true" max="150.0" min="40.0"/>
<length enabled="false" max="1000.0" min="1000.0"/>
<emitCount enabled="true" max="100.0" min="500.0"/>
<spread type="random" value="312.0"/>
<angularOffset type="simple" value="0.0"/>
<growthFactor type="simple" value="-2.0"/>
<gravityFactor type="simple" value="-2.0"/>
<windFactor type="simple" value="0.0"/>
<startAlpha type="simple" value="255.0"/>
<endAlpha type="simple" value="0.0"/>
<alpha active="false" max="255" min="0" type="linear">
<point x="0.0" y="0.0"/>
<point x="1.0" y="255.0"/>
</alpha>
<size active="false" max="255" min="0" type="linear">
<point x="0.0" y="0.0"/>
<point x="1.0" y="255.0"/>
</size>
<velocity active="false" max="1" min="0" type="linear">
<point x="0.0" y="0.0"/>
<point x="1.0" y="1.0"/>
</velocity>
<scaleY active="false" max="1" min="0" type="linear">
<point x="0.0" y="0.0"/>
<point x="1.0" y="1.0"/>
</scaleY>
<color>
<step b="1.0" g="1.0" offset="0.0" r="1.0"/>
<step b="0.0" g="1.0" offset="0.108" r="1.0"/>
<step b="0.0" g="0.6" offset="0.204" r="1.0"/>
<step b="0.0" g="0.4" offset="0.34" r="1.0"/>
<step b="0.0" g="0.0" offset="0.56" r="0.8"/>
<step b="0.6" g="0.6" offset="0.876" r="0.6"/>
<step b="0.8" g="0.8" offset="1.0" r="0.8"/>
</color>
</emitter>
</system>
