<?xml version="1.0" encoding="UTF-8" standalone="no"?>
<emitter spriteName="fragment" name="Default" renderType="inherit" useAdditive="false" useOriented="true">
<spawnInterval enabled="true" max="1.0" min="1.0"/>
<spawnCount enabled="true" max="20" min="10"/>
<initialLife enabled="true" max="250" min="100"/>
<initialSize enabled="true" max="40" min="10"/>
<xOffset enabled="true" max="100.0" min="0.0"/>
<yOffset enabled="true" max="100.0" min="0.0"/>
<initialDistance enabled="true" max="10.0" min="0.0"/>
<speed enabled="true" max="1500" min="1100"/>
<length enabled="false" max="200.0" min="100.0"/>
<emitCount enabled="true" max="40" min="10"/>
<spread type="random" value="360"/>
<angularOffset type="simple" value="0.0"/>
<growthFactor type="simple" value="-16.0"/>
<gravityFactor type="simple" value="1"/>
<windFactor type="simple" value="0.0"/>
<startAlpha type="simple" value="255.0"/>
<endAlpha type="simple" value="0.0"/>
<alpha active="false" max="255" min="0" type="linear">
<point x="0.0" y="255.0"/>
<point x="0.8" y="255.0"/>
<point x="1.0" y="0.0"/>
</alpha>
<size active="false" max="255" min="0" type="linear">
<point x="0.0" y="0.0"/>
<point x="1.0" y="255.0"/>
</size>
<velocity active="false" max="1" min="0" type="linear">
<point x="0.0" y="0.0"/>
<point x="1.0" y="1.0"/>
</velocity>
<scaleY active="false" max="1" min="0" type="linear">
<point x="0.0" y="0.0"/>
<point x="1.0" y="1.0"/>
</scaleY>
<color>
<step b="1.0" g="1.0" r="1.0" offset="0.0" />
<step b="0.0" g="0.0" r="0.0" offset="1.0" />
</color>
</emitter>
