<?xml version="1.0" encoding="UTF-8" standalone="no"?>
<emitter spriteName="particle" name="Default" renderType="inherit"
	useAdditive="true" useOriented="false">
	<spawnInterval enabled="true" max="2" min="1" ></spawnInterval>
	<spawnCount enabled="true" max="1" min="1" />
	<initialLife enabled="false" max="2000" min="1900" />
	<initialSize enabled="true" max="64" min="58" />
	<xOffset enabled="false" max="0.0" min="0.0" />
	<yOffset enabled="false" max="0.0" min="0.0" />
	<initialDistance enabled="false" max="38" min="30" />
	<speed enabled="true" max="30" min="15" />
	<length enabled="false" max="1000.0" min="1000.0" />
	<emitCount enabled="false" max="1000.0" min="1000.0" />
	<spread type="random" value="10" />
	<angularOffset type="simple" value="90.0" />
	<growthFactor type="simple" value="100.0" />
	<gravityFactor type="simple" value="0" />
	<windFactor type="simple" value="0" />
	<startAlpha type="simple" value="0.0" />
	<endAlpha type="simple" value="0.0" />
	<alpha active="true" max="255" min="0" type="linear">
		<point x="0.0" y="1.0" />
		<point x="0.05" y="200.0" />
		<point x="0.6" y="170.0" />
		<point x="1.0" y="0" />
	</alpha>
	<size active="false" max="255" min="0" type="linear">
		<point x="0.0" y="0.0" />
		<point x="1.0" y="255.0" />
	</size>
	<color>
		<step r="0.8" g="0.4" b="0.4" offset="0.0"/>
		<step r="0.7" g="0.7" b="0.7" offset="0.3"/>
		<step r="0.5" g="0.5" b="0.5" offset="0.6"/>
		<step r="0.0" g="0.0" b="0.0" offset="1.0"/>
	</color>
</emitter>
