<?xml version="1.0" encoding="UTF-8" standalone="no"?>
<emitter spriteName="particle" name="Default" renderType="inherit" useAdditive="false" useOriented="false">
<spawnInterval enabled="true" max="1" min="1"/>
<spawnCount enabled="true" max="1" min="1"/>
<initialLife enabled="true" max="1000.0" min="700.0"/>
<initialSize enabled="true" max="28.0" min="22.0"/>
<xOffset enabled="false" max="0.0" min="0.0"/>
<yOffset enabled="false" max="0.0" min="0.0"/>
<initialDistance enabled="false" max="0.0" min="0.0"/>
<speed enabled="true" max="68.0" min="20.0"/>
<length enabled="false" max="1000.0" min="1000.0"/>
<emitCount enabled="true" max="1" min="1"/>
<spread type="random" value="177.0"/>
<angularOffset type="simple" value="0.0"/>
<growthFactor type="simple" value="0.0"/>
<gravityFactor type="simple" value="-4.0"/>
<windFactor type="simple" value="0.0"/>
<startAlpha type="simple" value="255.0"/>
<endAlpha type="simple" value="255.0"/>
<alpha active="false" max="255" min="0" type="linear">
<point x="0.0" y="0.0"/>
<point x="1.0" y="255.0"/>
</alpha>
<size active="false" max="255" min="0" type="linear">
<point x="0.0" y="0.0"/>
<point x="1.0" y="255.0"/>
</size>
<velocity active="false" max="1" min="0" type="linear">
<point x="0.0" y="0.0"/>
<point x="1.0" y="1.0"/>
</velocity>
<scaleY active="false" max="1" min="0" type="linear">
<point x="0.0" y="0.0"/>
<point x="1.0" y="1.0"/>
</scaleY>
<color>
<step b="1" g="1" offset="0.0" r="1"/>
<step b="1" g="1" offset="0.7" r="1"/>
<step b="0.5" g="0.5" offset="1.0" r="0.5"/>
</color>
</emitter>
