<?xml version="1.0" encoding="UTF-8" standalone="no"?>
<emitter spriteName="particle" name="spark" renderType="inherit" useAdditive="false" useOriented="true">
<spawnInterval enabled="true" max="10.0" min="1.0"/>
<spawnCount enabled="false" max="7.0" min="3.0"/>
<initialLife enabled="true" max="120" min="50"/>
<initialSize enabled="true" max="30" min="20"/>
<xOffset enabled="true" max="0.0" min="0.0"/>
<yOffset enabled="true" max="0.0" min="0.0"/>
<initialDistance enabled="false" max="0.0" min="0.0"/>
<speed enabled="true" max="1500.0" min="1000.0"/>
<length enabled="false" max="1000.0" min="1000.0"/>
<emitCount enabled="true" max="10.0" min="5.0"/>
<spread type="random" value="190.0"/>
<angularOffset type="simple" value="0.0"/>
<growthFactor type="simple" value="0.0"/>
<gravityFactor type="simple" value="0.0"/>
<windFactor type="simple" value="0.0"/>
<startAlpha type="simple" value="255.0"/>
<endAlpha type="simple" value="0.0"/>
<alpha active="false" max="255" min="0" type="linear">
<point x="0.0" y="0.0"/>
<point x="1.0" y="0.0"/>
</alpha>
<size active="false" max="255" min="0" type="linear">
<point x="0.0" y="0.0"/>
<point x="1.0" y="255.0"/>
</size>
<velocity active="false" max="1" min="0" type="linear">
<point x="0.0" y="0.0"/>
<point x="1.0" y="1.0"/>
</velocity>
<scaleY active="false" max="1" min="0" type="linear">
<point x="0.0" y="0.0"/>
<point x="1.0" y="1.0"/>
</scaleY>
<color>
<step b="1.0" g="1.0" r="1.0" offset="0.0"/>
<step b="0.0" g="1.0" r="1.0" offset="0.0"/>
</color>
</emitter>
