{
	"name":	"?",
	"tilemap":	"level02_01.tmx",
	"timelimit":	100,
	"params":	[],
	"objects":	[{
			"type":	"turret",
			"name":	"DEF",
			"pos":	{
				"x":	0.424212,
				"y":	0.451667,
				"r":	0
			}
		}, {
			"type":	"tank",
			"name":	"DEF",
			"pos":	{
				"x":	0.273137,
				"y":	0.765000,
				"r":	0
			}
		}, {
			"type":	"factory",
			"name":	"DEF",
			"pos":	{
				"x":	600.0,
				"y":	-700.575000,
				"r":	0
			}
		}, {
			"type":	"rocket",
			"name":	"DEF",
			"pos":	{
				"x":	500.152076,
				"y":	500.590000,
				"r":	0
			}
		}, {
			"type":	"robotarm",
			"name":	"DEF",
			"pos":	{
				"x":	700.187094,
				"y":	0.626667,
				"r":	0
			}
		}, {
			"type":	"robotarm",
			"name":	"DEF",
			"pos":	{
				"x":	-700.659330,
				"y":	0.073333,
				"r":	0
			}
		}, {
			"type":	"factory",
			"name":	"RAMP",
			"pos":	{
				"x":	700.659330,
				"y":	700.073333,
				"r":	0
			}
		}, {
			"type":"player",
			"name":"def",
			"pos":	{
				"x":0,
				"y":-1277.295776,
				"r":0
			}
		}
	]
}