{
  "name": "default",
  "tilemap": "",
  "timelimit": 100,
  "params": [
    {
      "type": "player",
      "name": "def",
      "player_id": 1,
      "gun_cooldown": 0.2,
      "cash_radius": 250,
      "max_hp": 200
    },
    {
      "type": "bullet",
      "name": "def",
      "friendly": 0,
      "damage": 10,
      "alive_time": 0.65,
      "fade_time": 0.25,
      "spr_id": "dot",
      "radius": 8,
      "render_stretch": 1,
      "render_size": 32,
      "col": "ff0000ff",
      "mass": 0.5,
      "expl_pname": "NULL"
    },
    {
      "type": "bullet",
      "name": "player",
      "friendly": 1,
      "damage": 30,
      "alive_time": 0.65,
      "fade_time": 0.25,
      "spr_id": "dot",
      "radius": 8,
      "render_stretch": 1,
      "render_size": 32,
      "col": "0000ffff",
      "mass": 0.5,
      "expl_pname": "NULL"
    },
    {
      "type": "bullet",
      "name": "turret",
      "friendly": 0,
      "damage": 4,
      "alive_time": 0.65,
      "fade_time": 0.25,
      "spr_id": "dot",
      "radius": 4,
      "render_stretch": 1,
      "render_size": 32,
      "col": "00ff00ff",
      "mass": 0.2,
      "expl_pname": "NULL"
    },
    {
      "type": "turret",
      "name": "def",
      "max_hp": 50,
      "coins": 35,
      "rot_speed": 0.2,
      "shoot_interval": 2,
      "burst_number": 2,
      "bullet_type": "bullet",
      "bullet_param": "turret",
      "shape_id": "turret.shape",
      "shoot_vel": 1600,
      "expl_pname": "medium",
      "turret_size": 200,
      "mass": 16
    },
    {
      "type": "staticpolygon",
      "name": "def",
      "tex_name": "metal01.png",
      "outline": 1,
      "scale": 700,
      "texture_scale": 1,
      "shape_id": "turret.shape"
    },
    {
      "type": "tank",
      "name": "def",
      "max_hp": 20,
      "coins": 5,
      "bullet_type": "bullet",
      "bullet_param": "def",
      "mass_body": 4,
      "mass_wheel": 4,
      "mass_barrel": 3,
      "shoot_vel": 1500,
      "expl_pname": "small"
    },
    {
      "type": "tank",
      "name": "red",
      "max_hp": 100,
      "coins": 10,
      "bullet_type": "bullet",
      "bullet_param": "def",
      "mass_body": 4,
      "mass_wheel": 5,
      "mass_barrel": 3,
      "shoot_vel": 1300,
      "expl_pname": "small"
    },
    {
      "type": "factory",
      "name": "def",
      "max_tanks": 2,
      "max_hp": 50,
      "spawn_delay": 3,
      "coins": 30,
      "param_name": "def",
      "spawn_type": "tank",
      "sprite": "factory_v2",
      "shape": "factory_v2.shape",
      "expl_pname": "big"
    },
    {
      "type": "factory",
      "name": "def_red",
      "max_tanks": 3,
      "max_hp": 100,
      "spawn_delay": 2,
      "coins": 325,
      "spawn_type": "tank",
      "param_name": "red",
      "sprite": "factoryred",
      "shape": "factory.shape",
      "expl_pname": "big"
    },
    {
      "type": "rocket",
      "name": "def",
      "max_hp": 600,
      "coins": 20,
      "force": 200,
      "damage": 100,
      "expl_pname": "medium"
    },
    {
      "type": "factory",
      "name": "def_ramp",
      "max_hp": 150,
      "coins": 200,
      "max_tanks": 3,
      "spawn_delay": 4,
      "sprite": "ramp",
      "shape": "ramp.shape",
      "spawn_type": "rocket",
      "param_name": "def",
      "expl_pname": "big"
    },
    {
      "type": "robotarm",
      "name": "def",
      "segments": 3,
      "seg_length": 260,
      "max_hp": 50,
      "coins": 50,
      "expl_pname": "medium",
      "force": 5000,
      "max_vel": 250
    },
    {
      "type": "crate",
      "name": "def",
      "sprite": "saw",
      "invinc": 0,
      "size": 100,
      "max_hp": 10,
      "coins": 2,
      "expl_pname": "medium"
    },
    {
      "type": "crate",
      "name": "def_inv",
      "sprite": "saw",
      "invinc": 1,
      "size": 200,
      "max_hp": 50,
      "coins": 10,
      "expl_pname": "NULL"
    },
    {
      "type": "tank",
      "name": "light",
      "max_hp": 50,
      "coins": 10,
      "bullet_type": "bullet",
      "bullet_param": "def",
      "mass_body": 4,
      "mass_wheel": 4,
      "mass_barrel": 3,
      "shoot_vel": 1500,
      "expl_pname": "small"
    },
    {
      "type": "factory",
      "name": "small",
      "max_tanks": 1,
      "max_hp": 50,
      "spawn_delay": 5,
      "coins": 50,
      "sprite": "factoryblue",
      "shape": "factory.shape",
      "spawn_type": "tank",
      "param_name": "light",
      "expl_pname": "small"
    }
  ],
  "objects": []
}